,30y,20y,10y,5y,2y,1y,3m_tbil,3m_ib,date
0,6.835263157894737,6.914736842105263,6.584210526315789,6.337894736842105,6.0131578947368425,5.612105263157894,5.16421052631579,5.37,1997-01-31
1,6.687894736842105,6.77421052631579,6.419473684210526,6.198947368421052,5.898421052631579,5.525263157894737,5.1421052631578945,5.53,1997-02-28
2,6.9325,7.045999999999999,6.6945,6.537000000000001,6.2219999999999995,5.7955,5.2844999999999995,5.71,1997-03-31
3,7.092727272727273,7.204090909090909,6.885454545454545,6.759090909090909,6.448181818181819,5.988181818181818,5.304545454545455,5.7,1997-04-30
4,6.935714285714286,7.02,6.7109523809523814,6.567619047619047,6.276666666666666,5.86952380952381,5.196666666666666,5.66,1997-05-31
5,6.772380952380952,6.8409523809523805,6.493809523809524,6.375238095238095,6.094761904761905,5.691904761904762,5.070952380952381,5.6,1997-06-30
6,6.51,6.564545454545454,6.220454545454545,6.120909090909091,5.890909090909091,5.541818181818182,5.194545454545454,5.6,1997-07-31
7,6.578571428571429,6.654285714285715,6.298571428571429,6.160000000000001,5.939047619047619,5.564761904761904,5.27952380952381,5.6,1997-08-31
8,6.495238095238095,6.558095238095238,6.208571428571428,6.106190476190475,5.881904761904762,5.523809523809524,5.084761904761905,5.65,1997-09-30
9,6.326363636363637,6.381363636363636,6.029545454545455,5.928181818181818,5.771818181818182,5.456363636363637,5.112727272727273,5.74,1997-10-31
10,6.109444444444445,6.198888888888889,5.875,5.803888888888888,5.712777777777777,5.457222222222223,5.2811111111111115,5.8,1997-11-30
11,5.99,6.072272727272727,5.808636363636364,5.773181818181818,5.715,5.5249999999999995,5.304545454545455,5.54,1997-12-31
12,5.811,5.8765,5.5445,5.4159999999999995,5.357,5.2445,5.179,5.54,1998-01-31
13,5.8910526315789475,5.957368421052632,5.574736842105263,5.4926315789473685,5.417894736842105,5.308421052631579,5.23,5.58,1998-02-28
14,5.948181818181819,6.014545454545455,5.647272727272727,5.611818181818181,5.5613636363636365,5.389545454545455,5.161818181818182,5.58,1998-03-31
15,5.923809523809524,5.996666666666667,5.637619047619047,5.6119047619047615,5.564285714285714,5.379047619047619,5.082857142857143,5.59,1998-04-30
16,5.9265,6.007499999999999,5.6525,5.628,5.593500000000001,5.4399999999999995,5.14,5.6,1998-05-31
17,5.703636363636364,5.801818181818182,5.496363636363636,5.524090909090909,5.52,5.408636363636364,5.124090909090909,5.59,1998-06-30
18,5.676818181818182,5.782272727272727,5.461363636363637,5.461363636363637,5.458181818181818,5.358181818181818,5.094545454545455,5.58,1998-07-31
19,5.54047619047619,5.66,5.341904761904762,5.274761904761904,5.268571428571429,5.205238095238095,5.040952380952381,5.41,1998-08-31
20,5.204761904761905,5.376190476190477,4.806666666666667,4.623809523809524,4.666190476190476,4.7109523809523814,4.739047619047619,5.21,1998-09-30
21,5.01047619047619,5.301904761904762,4.529999999999999,4.184285714285714,4.091904761904762,4.121428571428571,4.070476190476191,5.24,1998-10-31
22,5.248421052631579,5.477368421052631,4.827368421052632,4.537368421052631,4.54,4.525263157894737,4.531052631578947,5.14,1998-11-30
23,5.059090909090909,5.3568181818181815,4.645,4.449999999999999,4.506363636363637,4.518636363636364,4.496818181818182,4.89,1998-12-31
24,5.157894736842105,5.448421052631579,4.722105263157895,4.600526315789473,4.615263157894737,4.5142105263157895,4.446315789473684,4.9,1999-01-31
25,5.365263157894737,5.657894736842105,4.998947368421053,4.914736842105263,4.876315789473685,4.7026315789473685,4.5552631578947365,4.91,1999-02-28
26,5.5804347826086955,5.867826086956522,5.232608695652174,5.140434782608696,5.05304347826087,4.781304347826087,4.566521739130435,4.88,1999-03-31
27,5.547727272727273,5.820909090909091,5.184545454545455,5.079545454545454,4.976818181818182,4.69,4.409090909090909,4.92,1999-04-30
28,5.8055,6.0840000000000005,5.539499999999999,5.436999999999999,5.2545,4.849,4.631,5.13,1999-05-31
29,6.041818181818183,6.361363636363635,5.899545454545454,5.809090909090909,5.618636363636363,5.096818181818182,4.715454545454545,5.24,1999-06-30
30,5.983333333333333,6.2752380952380955,5.791904761904762,5.678571428571429,5.5547619047619055,5.031904761904762,4.685714285714286,5.41,1999-07-31
31,6.068636363636363,6.434545454545455,5.9390909090909085,5.841363636363636,5.678181818181819,5.197727272727272,4.873636363636364,5.5,1999-08-31
32,6.071428571428571,6.496190476190476,5.915238095238095,5.801904761904762,5.661904761904762,5.251428571428572,4.822380952380952,6.13,1999-09-30
33,6.2635,6.662999999999999,6.112,6.0335,5.8625,5.429,5.0185,6.0,1999-10-31
34,6.1450000000000005,6.484,6.034,5.968999999999999,5.862,5.5535,5.2275,6.05,1999-11-30
35,6.351363636363636,6.694545454545454,6.275454545454545,6.1863636363636365,6.104545454545455,5.842272727272728,5.3568181818181815,5.95,1999-12-31
36,6.6255,6.8625,6.661,6.5795,6.44,6.1215,5.4990000000000006,6.01,2000-01-31
37,6.232,6.539,6.519499999999999,6.678,6.6105,6.218,5.727,6.14,2000-02-29
38,6.053478260869565,6.380434782608695,6.256521739130435,6.503913043478261,6.528260869565218,6.222173913043479,5.863913043478261,6.28,2000-03-31
39,5.846315789473684,6.184736842105264,5.990526315789474,6.262631578947368,6.403684210526316,6.150526315789474,5.821578947368421,6.71,2000-04-30
40,6.148636363636364,6.548181818181818,6.440454545454545,6.6877272727272725,6.809545454545455,6.326363636363637,5.994545454545454,6.73,2000-05-31
41,5.926363636363636,6.282727272727272,6.097272727272728,6.300909090909091,6.4818181818181815,6.172727272727273,5.861818181818182,6.67,2000-06-30
42,5.851,6.197,6.054,6.179,6.339,6.0825000000000005,6.1425,6.61,2000-07-31
43,5.716086956521739,6.0200000000000005,5.826086956521739,6.060869565217391,6.228695652173912,6.18304347826087,6.277391304347826,6.6,2000-08-31
44,5.8265,6.093999999999999,5.799,5.9345,6.0815,6.125500000000001,6.175,6.67,2000-09-30
45,5.803333333333334,6.038571428571428,5.738571428571428,5.782857142857143,5.9123809523809525,6.012380952380952,6.294761904761905,6.65,2000-10-31
46,5.775714285714285,5.975238095238096,5.717142857142857,5.697619047619048,5.875238095238096,6.091904761904762,6.356190476190475,6.45,2000-11-30
47,5.4905,5.641,5.2405,5.168,5.351999999999999,5.6025,5.936999999999999,5.62,2000-12-31
48,5.540952380952381,5.649047619047619,5.160952380952381,4.8585714285714285,4.76,4.814761904761904,5.285238095238095,5.26,2001-01-31
49,5.454736842105263,5.617894736842105,5.098947368421053,4.886315789473684,4.656842105263158,4.684210526315789,5.005263157894737,4.89,2001-02-28
50,5.339545454545455,5.493636363636363,4.885454545454546,4.642727272727273,4.342272727272728,4.298636363636363,4.535454545454545,4.53,2001-03-31
51,5.646,5.779,5.141,4.7635,4.234,3.9765,3.966,4.02,2001-04-30
52,5.78,5.923181818181818,5.391363636363637,4.927727272727273,4.26,3.7813636363636363,3.703181818181818,3.74,2001-05-31
53,5.66952380952381,5.823333333333333,5.284285714285714,4.807142857142857,4.08,3.576190476190476,3.5652380952380955,3.66,2001-06-30
54,5.613333333333333,5.752857142857143,5.236190476190477,4.761904761904762,4.038571428571428,3.617142857142857,3.593333333333333,3.48,2001-07-31
55,5.483478260869566,5.576956521739131,4.971304347826087,4.573913043478261,3.757391304347826,3.470434782608695,3.4378260869565223,2.87,2001-08-31
56,5.482941176470588,5.526470588235294,4.731764705882353,4.11529411764706,3.1188235294117646,2.824705882352941,2.69235294117647,2.31,2001-09-30
57,5.315454545454545,5.339545454545455,4.566818181818181,3.9099999999999997,2.725909090909091,2.3304545454545456,2.1977272727272728,2.03,2001-10-31
58,5.118,5.333,4.6515,3.9725,2.7824999999999998,2.182,1.9065,1.83,2001-11-30
59,5.4799999999999995,5.7605,5.0875,4.3895,3.107,2.2155,1.72,1.74,2001-12-31
60,5.4452380952380945,5.692380952380952,5.035714285714286,4.34,3.0280952380952377,2.1585714285714284,1.684761904761905,1.82,2002-01-31
61,5.451578947368421,5.6089473684210525,4.911578947368421,4.298421052631579,3.015263157894737,2.2326315789473683,1.756842105263158,1.91,2002-02-28
62,5.8085,5.9285000000000005,5.284000000000001,4.738,3.5575,2.5669999999999997,1.825,1.87,2002-03-31
63,5.791818181818182,5.846363636363637,5.210909090909091,4.646818181818182,3.4227272727272724,2.475909090909091,1.745,1.82,2002-04-30
64,5.757272727272727,5.81,5.164545454545455,4.494545454545454,3.264090909090909,2.354090909090909,1.7604545454545453,1.81,2002-05-31
65,5.677,5.654,4.9265,4.186,2.993,2.1965,1.732,1.79,2002-06-30
66,5.585,5.506818181818182,4.653181818181818,3.8072727272727276,2.5568181818181817,1.960909090909091,1.7136363636363638,1.73,2002-07-31
67,5.27590909090909,5.193636363636364,4.257272727272727,3.294545454545455,2.1336363636363633,1.757272727272727,1.6472727272727274,1.76,2002-08-31
68,4.963,4.866,3.87,2.9379999999999997,2.0044999999999997,1.7149999999999999,1.659,1.73,2002-09-30
69,5.181818181818182,5.000454545454546,3.940909090909091,2.9450000000000003,1.9118181818181819,1.65,1.61,1.39,2002-10-31
70,5.1821052631578945,5.0394736842105265,4.048421052631579,3.054736842105263,1.923157894736842,1.4915789473684211,1.2547368421052632,1.34,2002-11-30
71,5.133333333333333,5.01,4.032380952380952,3.0333333333333337,1.8361904761904764,1.45,1.210952380952381,1.29,2002-12-31
72,5.137619047619047,5.021904761904762,4.048571428571428,3.052380952380952,1.7433333333333334,1.3642857142857143,1.189047619047619,1.27,2003-01-31
73,5.024736842105263,4.87,3.9026315789473687,2.8978947368421055,1.6278947368421053,1.2963157894736843,1.1852631578947368,1.23,2003-02-28
74,5.027142857142858,4.816190476190476,3.8071428571428574,2.783809523809524,1.5738095238095238,1.24,1.150952380952381,1.24,2003-03-31
75,5.127142857142857,4.911904761904762,3.958571428571428,2.9285714285714284,1.6223809523809525,1.2671428571428571,1.1523809523809523,1.22,2003-04-30
76,4.7628571428571425,4.521428571428571,3.5690476190476192,2.5157142857142856,1.4152380952380952,1.1814285714285713,1.0880952380952382,1.04,2003-05-31
77,4.618571428571428,4.34047619047619,3.334285714285714,2.2657142857142856,1.227142857142857,1.0095238095238095,0.9361904761904762,1.05,2003-06-30
78,5.127727272727273,4.921818181818182,3.975454545454546,2.872272727272727,1.4740909090909091,1.1163636363636364,0.9204545454545454,1.08,2003-07-31
79,5.445714285714286,5.392380952380952,4.4452380952380945,3.3699999999999997,1.8642857142857143,1.3085714285714285,0.9690476190476189,1.08,2003-08-31
80,5.275714285714286,5.208095238095238,4.274285714285715,3.1847619047619045,1.706190476190476,1.2376190476190476,0.9552380952380952,1.1,2003-09-30
81,5.3,5.209090909090909,4.290454545454545,3.185909090909091,1.7477272727272728,1.2540909090909091,0.9418181818181818,1.11,2003-10-31
82,5.246666666666666,5.170555555555556,4.300000000000001,3.2872222222222223,1.9266666666666667,1.3366666666666667,0.9522222222222223,1.1,2003-11-30
83,5.213181818181818,5.110454545454545,4.267727272727273,3.2686363636363636,1.9072727272727272,1.305909090909091,0.9145454545454546,1.06,2003-12-31
84,5.131,5.0065,4.1505,3.1215,1.761,1.2395,0.9005000000000001,1.05,2004-01-31
85,5.076842105263157,4.936842105263158,4.084210526315789,3.067894736842105,1.7400000000000002,1.2436842105263157,0.9447368421052631,1.05,2004-02-29
86,4.899565217391304,4.717391304347826,3.826521739130435,2.78695652173913,1.5778260869565217,1.1873913043478261,0.9534782608695652,1.08,2004-03-31
87,5.277619047619048,5.157619047619048,4.347619047619047,3.38952380952381,2.070952380952381,1.4338095238095239,0.9580952380952381,1.2,2004-04-30
88,5.5105,5.464,4.7155000000000005,3.8505000000000003,2.5335,1.7775000000000003,1.0394999999999999,1.46,2004-05-31
89,5.475714285714286,5.4504761904761905,4.733809523809524,3.929047619047619,2.763333333333333,2.1152380952380954,1.2880952380952382,1.57,2004-06-30
90,5.3061904761904755,5.242380952380953,4.498095238095239,3.688571428571428,2.6385714285714283,2.0952380952380953,1.3576190476190477,1.68,2004-07-31
91,5.1459090909090905,5.067727272727272,4.281363636363636,3.4745454545454546,2.5081818181818183,2.015909090909091,1.5031818181818182,1.86,2004-08-31
92,4.983809523809524,4.894761904761905,4.1257142857142854,3.355238095238095,2.5252380952380955,2.1166666666666667,1.6814285714285715,2.04,2004-09-30
93,4.944,4.8495,4.0969999999999995,3.3475,2.5845,2.228,1.7945,2.26,2004-10-31
94,4.9475,4.8945,4.194,3.525,2.852,2.5,2.1075,2.45,2004-11-30
95,4.911363636363636,4.88,4.2309090909090905,3.598181818181818,3.011818181818182,2.6704545454545454,2.222727272727273,2.61,2004-12-31
96,4.765,4.7675,4.221500000000001,3.707,3.2225,2.8605,2.371,2.77,2005-01-31
97,4.558947368421053,4.61421052631579,4.165263157894737,3.7663157894736843,3.3847368421052635,3.0294736842105263,2.579473684210526,2.97,2005-02-28
98,4.774545454545454,4.890454545454546,4.497727272727273,4.165454545454545,3.7268181818181816,3.3022727272727277,2.795909090909091,3.09,2005-03-31
99,4.65,4.749047619047619,4.3409523809523805,3.9985714285714287,3.653809523809524,3.316666666666667,2.836666666666667,3.22,2005-04-30
100,4.49,4.555238095238095,4.144285714285714,3.8528571428571428,3.643809523809524,3.330952380952381,2.901904761904762,3.38,2005-05-31
101,4.279545454545455,4.3513636363636365,3.998181818181818,3.772272727272727,3.6404545454545456,3.363181818181818,3.036363636363636,3.57,2005-06-30
102,4.378,4.4775,4.1775,3.979,3.871,3.6409999999999996,3.2875,3.77,2005-07-31
103,4.441739130434782,4.528260869565218,4.262608695652174,4.122173913043478,4.044347826086956,3.8721739130434782,3.5182608695652173,3.87,2005-08-31
104,4.451904761904761,4.513809523809523,4.199047619047619,4.006190476190476,3.9461904761904765,3.8452380952380953,3.494285714285714,4.13,2005-09-30
105,4.6405,4.739,4.4635,4.3285,4.271,4.1754999999999995,3.7924999999999995,4.31,2005-10-31
106,4.704,4.8305,4.535,4.4525,4.4165,4.334,3.9745,4.45,2005-11-30
107,4.62,4.734761904761905,4.467142857142857,4.392380952380953,4.404285714285714,4.352857142857142,3.970952380952381,4.56,2005-12-31
108,4.5715,4.6515,4.416,4.3454999999999995,4.3955,4.445,4.336,4.72,2006-01-31
109,4.574210526315789,4.734210526315789,4.568947368421052,4.572105263157895,4.6684210526315795,4.684736842105264,4.5394736842105265,4.88,2006-02-28
110,4.734347826086957,4.9134782608695655,4.7239130434782615,4.716086956521739,4.73391304347826,4.773478260869565,4.627826086956522,5.03,2006-03-31
111,5.062631578947368,5.224210526315789,4.990526315789474,4.902105263157895,4.888947368421053,4.897368421052631,4.721578947368421,5.15,2006-04-30
112,5.201363636363637,5.346363636363637,5.11,4.997727272727273,4.968181818181818,4.995,4.836363636363637,5.35,2006-05-31
113,5.154090909090909,5.292272727272728,5.106363636363636,5.067272727272727,5.121818181818182,5.155,4.917727272727273,5.46,2006-06-30
114,5.1345,5.2509999999999994,5.0875,5.04,5.1185,5.217499999999999,5.0765,5.38,2006-07-31
115,4.996086956521739,5.078695652173913,4.8765217391304345,4.822173913043478,4.903478260869565,5.0826086956521745,5.090434782608695,5.34,2006-08-31
116,4.852,4.9275,4.718999999999999,4.6674999999999995,4.769,4.9745,4.93,5.33,2006-09-30
117,4.854761904761905,4.935714285714286,4.729047619047619,4.6866666666666665,4.795714285714285,5.01,5.046190476190477,5.32,2006-10-31
118,4.685714285714286,4.784285714285714,4.595238095238095,4.582380952380952,4.7404761904761905,5.010952380952381,5.073333333333333,5.32,2006-11-30
119,4.6825,4.776,4.5645,4.5329999999999995,4.6735,4.9415,4.973,5.32,2006-12-31
120,4.851904761904762,4.945714285714286,4.7595238095238095,4.752857142857143,4.876190476190477,5.057142857142857,5.105238095238095,5.31,2007-01-31
121,4.821578947368421,4.925789473684211,4.722631578947369,4.7105263157894735,4.848947368421053,5.053684210526316,5.163157894736842,5.3,2007-02-28
122,4.721818181818182,4.808181818181819,4.5645454545454545,4.4809090909090905,4.573636363636364,4.920454545454546,5.079999999999999,5.31,2007-03-31
123,4.866190476190476,4.945714285714286,4.6938095238095245,4.593333333333333,4.666190476190476,4.932380952380952,5.006666666666667,5.31,2007-04-30
124,4.901363636363636,4.977727272727273,4.746363636363636,4.667272727272728,4.766363636363637,4.909090909090909,4.867727272727273,5.33,2007-05-31
125,5.203333333333333,5.288095238095238,5.102857142857142,5.026190476190476,4.980476190476191,4.962380952380952,4.741904761904761,5.32,2007-06-30
126,5.108095238095238,5.185714285714286,5.0042857142857144,4.884761904761905,4.819047619047619,4.964285714285714,4.9609523809523814,5.49,2007-07-31
127,4.932173913043478,5.0,4.674782608695652,4.432173913043478,4.3130434782608695,4.472173913043478,4.31695652173913,5.46,2007-08-31
128,4.793157894736842,4.836315789473685,4.521578947368421,4.198947368421052,4.011578947368421,4.136842105263158,3.9942105263157894,5.08,2007-09-30
129,4.7736363636363635,4.832272727272727,4.527727272727272,4.198181818181818,3.967727272727273,4.096818181818182,4.002727272727273,4.97,2007-10-31
130,4.5200000000000005,4.5565,4.1485,3.6670000000000003,3.3365,3.499,3.3545000000000003,5.02,2007-11-30
131,4.526999999999999,4.571,4.0975,3.4875,3.117,3.2630000000000003,3.0665,3.84,2007-12-31
132,4.33047619047619,4.350476190476191,3.744285714285714,2.9804761904761907,2.475714285714286,2.7114285714285713,2.82,3.06,2008-01-31
133,4.517,4.493,3.7375,2.779,1.973,2.0535,2.1740000000000004,2.79,2008-02-29
134,4.393,4.356,3.5100000000000002,2.4835000000000003,1.6170000000000002,1.544,1.2835,2.85,2008-03-31
135,4.443181818181818,4.4372727272727275,3.675,2.8413636363636363,2.0472727272727274,1.7381818181818183,1.3118181818181818,2.66,2008-04-30
136,4.596190476190476,4.595238095238095,3.8800000000000003,3.1533333333333333,2.4457142857142857,2.0557142857142856,1.7642857142857142,2.76,2008-05-31
137,4.689047619047619,4.735714285714286,4.099523809523809,3.485238095238095,2.7738095238095237,2.4195238095238096,1.8904761904761906,2.79,2008-06-30
138,4.570909090909091,4.623181818181818,4.007727272727273,3.303181818181818,2.5731818181818182,2.2818181818181817,1.6550000000000002,2.79,2008-07-31
139,4.501904761904761,4.5338095238095235,3.8857142857142852,3.141904761904762,2.4204761904761902,2.177142857142857,1.752857142857143,3.59,2008-08-31
140,4.269047619047619,4.3238095238095235,3.6861904761904762,2.8842857142857143,2.0761904761904764,1.912857142857143,1.1466666666666665,4.32,2008-09-30
141,4.173181818181818,4.450909090909091,3.814090909090909,2.726363636363636,1.6122727272727273,1.4204545454545454,0.6859090909090909,2.36,2008-10-31
142,4.004444444444444,4.271111111111111,3.526666666666667,2.2916666666666665,1.2127777777777777,1.0666666666666667,0.1938888888888889,1.77,2008-11-30
143,2.87,3.1759090909090912,2.4163636363636365,1.521818181818182,0.8209090909090908,0.49454545454545457,0.03409090909090909,1.02,2008-12-31
144,3.128,3.457,2.5175,1.5965,0.807,0.4445,0.1295,1.16,2009-01-31
145,3.586842105263158,3.834736842105263,2.87,1.8715789473684212,0.9752631578947369,0.6226315789473684,0.29526315789473684,1.07,2009-02-28
146,3.6431818181818185,3.78,2.819545454545455,1.8159090909090911,0.9313636363636365,0.644090909090909,0.2159090909090909,0.89,2009-03-31
147,3.76,3.8438095238095236,2.927142857142857,1.8580952380952382,0.927142857142857,0.5476190476190477,0.15809523809523812,0.57,2009-04-30
148,4.226999999999999,4.2195,3.293,2.134,0.9295,0.5015,0.177,0.39,2009-05-31
149,4.516363636363637,4.508636363636364,3.7218181818181817,2.705909090909091,1.184090909090909,0.5136363636363637,0.17863636363636365,0.35,2009-06-30
150,4.406818181818182,4.377727272727273,3.5622727272727275,2.462727272727273,1.0190909090909093,0.4786363636363636,0.18363636363636363,0.3,2009-07-31
151,4.370952380952382,4.327619047619048,3.587142857142857,2.570952380952381,1.1152380952380954,0.4590476190476191,0.1719047619047619,0.25,2009-08-31
152,4.185714285714286,4.140476190476191,3.401904761904762,2.369047619047619,0.9561904761904761,0.40476190476190477,0.12333333333333335,0.24,2009-09-30
153,4.188571428571429,4.1623809523809525,3.3876190476190478,2.3328571428571427,0.949047619047619,0.37476190476190474,0.07428571428571429,0.21,2009-10-31
154,4.314736842105264,4.235263157894737,3.4026315789473687,2.230526315789474,0.8031578947368421,0.31315789473684214,0.05210526315789474,0.22,2009-11-30
155,4.494090909090909,4.399545454545454,3.5900000000000003,2.3404545454545453,0.8745454545454545,0.37136363636363634,0.05454545454545454,0.2,2009-12-31
156,4.604736842105263,4.501578947368421,3.7331578947368427,2.4842105263157896,0.9289473684210525,0.34578947368421054,0.061578947368421046,0.19,2010-01-31
157,4.619473684210526,4.481052631578947,3.691052631578947,2.3636842105263156,0.856842105263158,0.34578947368421054,0.10894736842105263,0.23,2010-02-28
158,4.644782608695652,4.489130434782608,3.7273913043478264,2.4330434782608696,0.9586956521739131,0.39565217391304347,0.15043478260869564,0.3,2010-03-31
159,4.693181818181818,4.531363636363636,3.8468181818181817,2.5813636363636365,1.0604545454545455,0.44499999999999995,0.1622727272727273,0.45,2010-04-30
160,4.286,4.1145000000000005,3.4200000000000004,2.18,0.8305,0.371,0.16,0.52,2010-05-31
161,4.127727272727273,3.95,3.2040909090909087,1.9963636363636363,0.7245454545454545,0.3181818181818182,0.12363636363636364,0.41,2010-06-30
162,3.994285714285714,3.796190476190476,3.0114285714285716,1.762857142857143,0.6166666666666666,0.2914285714285714,0.15761904761904763,0.32,2010-07-31
163,3.803181818181818,3.516818181818182,2.6986363636363637,1.4654545454545456,0.5204545454545455,0.2590909090909091,0.155,0.28,2010-08-31
164,3.773333333333333,3.4690476190476187,2.6476190476190475,1.4104761904761904,0.48,0.2566666666666667,0.1519047619047619,0.27,2010-09-30
165,3.8725,3.524,2.54,1.1824999999999999,0.376,0.22800000000000004,0.1345,0.27,2010-10-31
166,4.186,3.818,2.763,1.35,0.454,0.252,0.143,0.3,2010-11-30
167,4.417727272727273,4.173636363636364,3.290909090909091,1.9345454545454546,0.6181818181818182,0.29409090909090907,0.1409090909090909,0.29,2010-12-31
168,4.523000000000001,4.281000000000001,3.3939999999999997,1.9945,0.6144999999999999,0.27349999999999997,0.152,0.28,2011-01-31
169,4.652105263157895,4.423684210526315,3.5763157894736843,2.2578947368421054,0.7726315789473684,0.28631578947368425,0.13210526315789473,0.28,2011-02-28
170,4.513913043478261,4.26608695652174,3.4143478260869564,2.1134782608695653,0.697391304347826,0.2591304347826087,0.10043478260869565,0.23,2011-03-31
171,4.5015,4.276,3.4549999999999996,2.169,0.7344999999999999,0.2465,0.058499999999999996,0.21,2011-04-30
172,4.293333333333333,4.011428571428572,3.168571428571429,1.8423809523809522,0.5552380952380952,0.1880952380952381,0.04095238095238095,0.22,2011-05-31
173,4.232727272727273,3.9145454545454546,3.002272727272727,1.5799999999999998,0.4104545454545454,0.1809090909090909,0.03727272727272728,0.24,2011-06-30
174,4.2705,3.9475000000000002,3.003,1.541,0.40650000000000003,0.185,0.0375,0.29,2011-07-31
175,3.651304347826087,3.244782608695652,2.3030434782608693,1.0213043478260868,0.23043478260869565,0.11478260869565218,0.024347826086956525,0.33,2011-08-31
176,3.182380952380952,2.827142857142857,1.975238095238095,0.9004761904761904,0.21142857142857144,0.10476190476190476,0.013809523809523811,0.37,2011-09-30
177,3.128,2.8695,2.152,1.0615,0.2805,0.1145,0.019,0.41,2011-10-31
178,3.0155000000000003,2.718,2.0134999999999996,0.908,0.2535,0.11200000000000002,0.014000000000000002,0.49,2011-11-30
179,2.9823809523809524,2.6676190476190476,1.9780952380952381,0.8914285714285713,0.2571428571428572,0.11523809523809524,0.01142857142857143,0.4,2011-12-31
180,3.0260000000000002,2.695,1.9665,0.835,0.2405,0.11499999999999999,0.0345,0.3,2012-01-31
181,3.109,2.748,1.9675,0.8310000000000001,0.27799999999999997,0.161,0.092,0.29,2012-02-29
182,3.2813636363636363,2.9404545454545454,2.1727272727272724,1.0172727272727273,0.34454545454545454,0.18999999999999997,0.08409090909090909,0.29,2012-03-31
183,3.1842857142857146,2.8166666666666664,2.052857142857143,0.8947619047619048,0.2919047619047619,0.18333333333333335,0.0838095238095238,0.29,2012-04-30
184,2.930909090909091,2.525909090909091,1.8031818181818182,0.7618181818181818,0.28500000000000003,0.1918181818181818,0.08954545454545454,0.32,2012-05-31
185,2.698095238095238,2.3061904761904763,1.6223809523809525,0.7114285714285714,0.2919047619047619,0.18904761904761905,0.09142857142857143,0.3,2012-06-30
186,2.59,2.217142857142857,1.5266666666666668,0.6195238095238095,0.2480952380952381,0.18571428571428572,0.09714285714285714,0.26,2012-07-31
187,2.7708695652173914,2.3978260869565218,1.6782608695652175,0.7139130434782608,0.26869565217391306,0.1834782608695652,0.10260869565217391,0.24,2012-08-31
188,2.8815789473684212,2.488421052631579,1.7231578947368422,0.6689473684210526,0.25526315789473686,0.17578947368421052,0.10526315789473684,0.23,2012-09-30
189,2.9004761904761907,2.505714285714286,1.7461904761904763,0.7085714285714286,0.27714285714285714,0.17952380952380953,0.10476190476190476,0.23,2012-10-31
190,2.8035,2.3895,1.654,0.665,0.268,0.1785,0.0935,0.24,2012-11-30
191,2.8835,2.4675000000000002,1.719,0.696,0.257,0.1585,0.06999999999999999,0.23,2012-12-31
192,3.0804761904761904,2.6814285714285715,1.9147619047619049,0.8052380952380952,0.2652380952380953,0.14523809523809525,0.07428571428571429,0.22,2013-01-31
193,3.165263157894737,2.782631578947368,1.9842105263157896,0.8463157894736841,0.2673684210526316,0.1573684210526316,0.09894736842105263,0.21,2013-02-28
194,3.1625,2.784,1.9575,0.8185,0.256,0.14750000000000002,0.087,0.2,2013-03-31
195,2.9327272727272726,2.5500000000000003,1.7590909090909093,0.7104545454545454,0.2322727272727273,0.12454545454545456,0.060000000000000005,0.2,2013-04-30
196,3.112727272727273,2.7286363636363635,1.9281818181818182,0.8409090909090909,0.25045454545454543,0.11863636363636364,0.04409090909090909,0.19,2013-05-31
197,3.4,3.0740000000000003,2.3,1.2035,0.3335,0.14200000000000002,0.0505,0.14,2013-06-30
198,3.605,3.3072727272727276,2.5822727272727275,1.4031818181818183,0.3409090909090909,0.12181818181818183,0.035454545454545454,0.12,2013-07-31
199,3.757727272727273,3.488181818181818,2.7372727272727273,1.5204545454545455,0.3563636363636364,0.12681818181818183,0.04363636363636363,0.11,2013-08-31
200,3.787,3.526,2.8095,1.5959999999999999,0.404,0.11850000000000001,0.016,0.12,2013-09-30
201,3.6759090909090912,3.3795454545454544,2.6159090909090907,1.366818181818182,0.33545454545454545,0.12136363636363635,0.04727272727272727,0.12,2013-10-31
202,3.8000000000000003,3.5036842105263153,2.718421052631579,1.3710526315789473,0.3036842105263158,0.12157894736842105,0.06789473684210527,0.14,2013-11-30
203,3.889047619047619,3.6266666666666665,2.901904761904762,1.5761904761904764,0.33999999999999997,0.13285714285714287,0.06666666666666668,0.12,2013-12-31
204,3.7690476190476194,3.5219047619047616,2.858095238095238,1.6466666666666665,0.3938095238095238,0.11619047619047619,0.043333333333333335,0.13,2014-01-31
205,3.6626315789473685,3.3847368421052635,2.709473684210526,1.5157894736842106,0.3268421052631579,0.11684210526315789,0.05263157894736842,0.12,2014-02-28
206,3.620952380952381,3.3466666666666667,2.723333333333333,1.6395238095238096,0.3990476190476191,0.1280952380952381,0.05238095238095238,0.12,2014-03-31
207,3.5176190476190476,3.2652380952380957,2.705238095238095,1.700952380952381,0.41714285714285715,0.10761904761904763,0.030952380952380953,0.11,2014-04-30
208,3.3899999999999997,3.1152380952380954,2.559047619047619,1.592857142857143,0.38904761904761903,0.09666666666666668,0.03238095238095238,0.11,2014-05-31
209,3.4200000000000004,3.1533333333333333,2.5985714285714288,1.679047619047619,0.4523809523809524,0.10476190476190476,0.03571428571428571,0.13,2014-06-30
210,3.3318181818181816,3.071363636363636,2.5422727272727275,1.6995454545454545,0.5063636363636363,0.11136363636363637,0.026363636363636363,0.13,2014-07-31
211,3.2009523809523808,2.9366666666666665,2.42,1.6314285714285712,0.4723809523809524,0.10714285714285714,0.032857142857142856,0.12,2014-08-31
212,3.26,3.013333333333333,2.5342857142857143,1.7738095238095237,0.5666666666666667,0.10952380952380951,0.02,0.12,2014-09-30
213,3.0399999999999996,2.773181818181818,2.304090909090909,1.545909090909091,0.4454545454545455,0.10454545454545455,0.01681818181818182,0.13,2014-10-31
214,3.038333333333333,2.7644444444444445,2.3255555555555554,1.6205555555555555,0.5272222222222223,0.13444444444444445,0.021666666666666667,0.15,2014-11-30
215,2.833181818181818,2.5504545454545453,2.2072727272727275,1.64,0.6354545454545455,0.21454545454545454,0.02909090909090909,0.16,2014-12-31
216,2.455,2.1990000000000003,1.8815000000000002,1.3745,0.5515000000000001,0.1955,0.027500000000000004,0.15,2015-01-31
217,2.566315789473684,2.338421052631579,1.9752631578947368,1.4726315789473685,0.6189473684210526,0.22421052631578947,0.017894736842105265,0.14,2015-02-28
218,2.6263636363636365,2.4068181818181817,2.0427272727272725,1.5190909090909093,0.6404545454545455,0.25363636363636366,0.027727272727272725,0.13,2015-03-31
219,2.585909090909091,2.334090909090909,1.935,1.3545454545454545,0.54,0.23363636363636361,0.023181818181818182,0.15,2015-04-30
220,2.955,2.692,2.1975000000000002,1.5385,0.609,0.24100000000000002,0.0165,0.18,2015-05-31
221,3.1118181818181814,2.8454545454545457,2.3636363636363638,1.6836363636363636,0.6886363636363636,0.27545454545454545,0.015000000000000001,0.19,2015-06-30
222,3.066363636363637,2.766363636363636,2.3245454545454547,1.632272727272727,0.6677272727272727,0.2968181818181818,0.03227272727272727,0.26,2015-07-31
223,2.855714285714286,2.5466666666666664,2.1671428571428573,1.5414285714285714,0.6976190476190476,0.3757142857142857,0.0719047619047619,0.27,2015-08-31
224,2.9528571428571433,2.6180952380952385,2.172857142857143,1.49,0.7133333333333334,0.37333333333333335,0.024285714285714285,0.25,2015-09-30
225,2.888095238095238,2.502857142857143,2.07,1.3857142857142857,0.6447619047619048,0.26333333333333336,0.016666666666666666,0.3,2015-10-31
226,3.03,2.686315789473684,2.263157894736842,1.6710526315789473,0.884736842105263,0.4768421052631579,0.12631578947368421,0.54,2015-11-30
227,2.97,2.6072727272727274,2.2427272727272727,1.6986363636363635,0.9827272727272728,0.6536363636363637,0.22863636363636364,0.57,2015-12-31
228,2.858421052631579,2.488947368421053,2.0852631578947367,1.5184210526315791,0.8994736842105263,0.5431578947368422,0.2573684210526316,0.54,2016-01-31
229,2.623,2.1990000000000003,1.7795,1.222,0.7335,0.534,0.3145,0.55,2016-02-29
230,2.6845454545454546,2.275909090909091,1.8890909090909092,1.375909090909091,0.875,0.6563636363636364,0.2972727272727273,0.55,2016-03-31
231,2.6233333333333335,2.2104761904761907,1.805238095238095,1.258095238095238,0.768095238095238,0.5557142857142857,0.2280952380952381,0.57,2016-04-30
232,2.6276190476190475,2.216666666666667,1.8061904761904761,1.3004761904761903,0.8161904761904762,0.5914285714285714,0.27666666666666667,0.55,2016-05-31
233,2.4522727272727276,2.019090909090909,1.6440909090909093,1.1663636363636363,0.7313636363636363,0.5522727272727272,0.2727272727272727,0.62,2016-06-30
234,2.227,1.8225000000000002,1.504,1.0715,0.6725,0.5135,0.30100000000000005,0.73,2016-07-31
235,2.261739130434783,1.8895652173913045,1.556521739130435,1.1330434782608696,0.7373913043478261,0.5682608695652174,0.2995652173913043,0.75,2016-08-31
236,2.3504761904761904,2.0152380952380953,1.6304761904761906,1.178095238095238,0.7709523809523811,0.5933333333333333,0.29428571428571426,0.72,2016-09-30
237,2.5004999999999997,2.1704999999999997,1.7645,1.272,0.843,0.6595000000000001,0.3315,0.71,2016-10-31
238,2.862,2.537,2.1420000000000003,1.596,0.9795,0.736,0.4525,0.87,2016-11-30
239,3.1133333333333333,2.835238095238095,2.491904761904762,1.9590476190476191,1.1966666666666665,0.8661904761904763,0.5119047619047619,0.9,2016-12-31
240,3.019,2.7475,2.4325,1.9164999999999999,1.2065,0.8254999999999999,0.519,0.87,2017-01-31
241,3.0321052631578946,2.7636842105263155,2.4189473684210525,1.9015789473684213,1.2010526315789474,0.8205263157894737,0.5263157894736842,0.98,2017-02-28
242,3.0813043478260873,2.8317391304347823,2.4817391304347827,2.013478260869565,1.3130434782608695,1.0104347826086957,0.7478260869565218,1.03,2017-03-31
243,2.9415789473684213,2.6673684210526316,2.2973684210526315,1.8242105263157897,1.2410526315789472,1.0421052631578949,0.8084210526315789,1.05,2017-04-30
244,2.959090909090909,2.695909090909091,2.3036363636363637,1.836818181818182,1.3018181818181818,1.1227272727272728,0.9031818181818182,1.16,2017-05-31
245,2.7963636363636364,2.5399999999999996,2.186818181818182,1.7740909090909092,1.3422727272727273,1.200909090909091,0.9990909090909091,1.22,2017-06-30
246,2.884,2.6505,2.318,1.8719999999999999,1.3725,1.2235,1.0865,1.25,2017-07-31
247,2.7952173913043477,2.552173913043478,2.2091304347826086,1.7765217391304347,1.335217391304348,1.2291304347826086,1.0321739130434784,1.25,2017-08-31
248,2.7765,2.5300000000000002,2.202,1.7975,1.3845,1.28,1.0465,1.26,2017-09-30
249,2.878095238095238,2.6490476190476193,2.3600000000000003,1.980952380952381,1.5495238095238095,1.3976190476190475,1.0933333333333333,1.32,2017-10-31
250,2.801904761904762,2.6023809523809525,2.3533333333333335,2.05,1.6966666666666668,1.5599999999999998,1.2504761904761905,1.54,2017-11-30
251,2.768,2.597,2.4025,2.182,1.844,1.7005,1.3415000000000001,1.63,2017-12-31
252,2.8776190476190475,2.7342857142857144,2.583809523809524,2.381904761904762,2.031904761904762,1.802857142857143,1.4323809523809523,1.78,2018-01-31
253,3.1310526315789473,3.0168421052631578,2.8589473684210525,2.599473684210526,2.1752631578947366,1.963684210526316,1.5878947368421052,2.08,2018-02-28
254,3.0914285714285716,2.973333333333333,2.8423809523809522,2.6295238095238096,2.275714285714286,2.0628571428571427,1.7266666666666666,2.2,2018-03-31
255,3.0719047619047624,2.9595238095238097,2.869047619047619,2.701904761904762,2.3842857142857143,2.1538095238095236,1.788095238095238,2.16,2018-04-30
256,3.1318181818181823,3.0518181818181818,2.977727272727273,2.816818181818182,2.5118181818181817,2.2736363636363635,1.8995454545454544,2.19,2018-05-31
257,3.05,2.9776190476190476,2.9123809523809525,2.775714285714286,2.5333333333333337,2.328095238095238,1.9352380952380952,2.17,2018-06-30
258,3.006666666666667,2.944761904761905,2.889047619047619,2.7776190476190474,2.606666666666667,2.3876190476190478,1.9947619047619047,2.19,2018-07-31
259,3.0417391304347823,2.970434782608696,2.889130434782609,2.767826086956522,2.6356521739130434,2.4456521739130435,2.072608695652174,2.24,2018-08-31
260,3.1510526315789473,3.084736842105263,3.004210526315789,2.8936842105263154,2.7678947368421056,2.557894736842105,2.165263157894737,2.37,2018-09-30
261,3.3395454545454544,3.266363636363636,3.152272727272727,3.0004545454545455,2.860909090909091,2.651818181818182,2.2931818181818184,2.56,2018-10-31
262,3.3609999999999998,3.268,3.117,2.947,2.859,2.6985,2.374,2.69,2018-11-30
263,3.0957894736842104,2.9763157894736842,2.8326315789473684,2.681578947368421,2.6763157894736844,2.655263157894737,2.4121052631578945,2.59,2018-12-31
264,3.0352380952380953,2.8904761904761904,2.713809523809524,2.536190476190476,2.543333333333333,2.5795238095238098,2.4238095238095236,2.49,2019-01-31
265,3.0236842105263158,2.87,2.6763157894736844,2.4878947368421054,2.504210526315789,2.5494736842105263,2.437894736842105,2.48,2019-02-28
266,2.9776190476190476,2.7985714285714285,2.570952380952381,2.3728571428571428,2.4095238095238094,2.4909523809523813,2.453809523809524,2.47,2019-03-31
267,2.9404761904761907,2.7576190476190474,2.532380952380952,2.3333333333333335,2.344761904761905,2.4247619047619047,2.432857142857143,2.44,2019-04-30
268,2.817727272727273,2.6345454545454547,2.395,2.187727272727273,2.2063636363636365,2.3404545454545453,2.4031818181818183,2.3,2019-05-31
269,2.5745,2.3645,2.074,1.825,1.814,1.9949999999999999,2.2195,2.22,2019-06-30
270,2.5727272727272728,2.355909090909091,2.059090909090909,1.8281818181818181,1.8350000000000002,1.9622727272727274,2.145,2.06,2019-07-31
271,2.119090909090909,1.913181818181818,1.6263636363636365,1.4868181818181818,1.5713636363636363,1.7722727272727274,1.9904545454545455,2.03,2019-08-31
272,2.1580000000000004,1.97,1.6995,1.565,1.6480000000000001,1.796,1.9344999999999999,1.88,2019-09-30
273,2.1904545454545454,2.0036363636363634,1.7068181818181818,1.525,1.5513636363636365,1.6081818181818184,1.6786363636363637,1.77,2019-10-31
274,2.2805263157894737,2.126315789473684,1.8121052631578947,1.6394736842105262,1.6126315789473684,1.5678947368421055,1.572105263157895,1.76,2019-11-30
275,2.2976190476190474,2.1604761904761904,1.8628571428571428,1.6823809523809523,1.6133333333333335,1.549047619047619,1.5652380952380955,1.65,2019-12-31
276,2.216190476190476,2.067142857142857,1.7576190476190479,1.5623809523809524,1.5190476190476192,1.5328571428571427,1.5523809523809524,1.59,2020-01-31
277,1.9705263157894735,1.8068421052631578,1.5042105263157897,1.3236842105263158,1.3310526315789473,1.4057894736842105,1.5447368421052632,1.35,2020-02-29
278,1.4549999999999998,1.2572727272727273,0.87,0.5918181818181818,0.4481818181818182,0.3318181818181818,0.29545454545454547,,2020-03-31
279,1.2652380952380953,1.0642857142857143,0.6576190476190477,0.3880952380952381,0.2247619047619048,0.1842857142857143,0.1380952380952381,0.17,2020-04-30
280,1.378,1.1244999999999998,0.674,0.3395,0.1705,0.1615,0.1275,0.2,2020-05-31
281,1.4936363636363637,1.2663636363636364,0.7286363636363636,0.34454545454545454,0.18500000000000003,0.17636363636363636,0.15954545454545455,0.18,2020-06-30
282,1.3104545454545453,1.0918181818181818,0.6236363636363637,0.2786363636363636,0.1481818181818182,0.14545454545454548,0.12681818181818183,0.15,2020-07-31
283,1.358095238095238,1.1352380952380952,0.65,0.26666666666666666,0.13952380952380952,0.1304761904761905,0.10428571428571429,0.13,2020-08-31
284,1.4228571428571428,1.2090476190476191,0.6795238095238095,0.26952380952380955,0.13476190476190478,0.12761904761904763,0.10857142857142857,0.12,2020-09-30
285,1.5685714285714285,1.340952380952381,0.7871428571428571,0.3357142857142857,0.14952380952380953,0.12666666666666668,0.10047619047619047,0.16,2020-10-31
286,1.615263157894737,1.401578947368421,0.8700000000000001,0.3878947368421053,0.16578947368421051,0.11736842105263158,0.09105263157894737,0.17,2020-11-30
287,1.6704545454545454,1.4663636363636363,0.9336363636363636,0.3859090909090909,0.13590909090909092,0.10045454545454545,0.08727272727272727,0.14,2020-12-31
288,1.8247368421052632,1.63,1.0810526315789473,0.44526315789473686,0.1310526315789474,0.10052631578947369,0.08368421052631579,0.11,2021-01-31
289,2.0426315789473684,1.8794736842105264,1.2578947368421052,0.5426315789473685,0.11526315789473685,0.07263157894736842,0.04263157894736842,0.1,2021-02-28
290,2.3391304347826085,2.237391304347826,1.6108695652173912,0.8230434782608695,0.14695652173913046,0.07565217391304348,0.03130434782608695,0.11,2021-03-31
291,2.2995454545454543,2.1977272727272728,1.635,0.8618181818181818,0.16318181818181818,0.06090909090909091,0.02090909090909091,0.1,2021-04-30
292,2.316,2.2150000000000003,1.621,0.8195,0.155,0.0505,0.018,0.09,2021-05-31
293,2.1636363636363636,2.0936363636363637,1.5190909090909093,0.8386363636363636,0.20272727272727273,0.06681818181818182,0.03590909090909091,0.1,2021-06-30
294,1.9428571428571426,1.869047619047619,1.3185714285714287,0.7642857142857143,0.21952380952380954,0.07571428571428572,0.05238095238095238,0.1,2021-07-31
295,1.9163636363636363,1.830909090909091,1.2831818181818182,0.7722727272727273,0.21727272727272728,0.07363636363636364,0.05454545454545454,0.1,2021-08-31
296,1.9357142857142857,1.8728571428571428,1.3747619047619049,0.8638095238095238,0.24095238095238097,0.07714285714285715,0.0419047619047619,0.11,2021-09-30
297,2.0595,2.0285,1.5825,1.106,0.39249999999999996,0.11299999999999999,0.052000000000000005,0.14,2021-10-31
298,1.9355,1.9735,1.5595,1.2025000000000001,0.508,0.179,0.051500000000000004,0.17,2021-11-30
299,1.8477272727272727,1.8995454545454544,1.4649999999999999,1.2295454545454545,0.68,0.2990909090909091,0.05863636363636364,0.22,2021-12-31
300,2.0995,2.1510000000000002,1.764,1.5385,0.9804999999999999,0.5495,0.14550000000000002,0.38,2022-01-31
301,2.2463157894736843,2.3094736842105266,1.9342105263157894,1.8115789473684212,1.4352631578947368,1.0042105263157894,0.3147368421052632,0.73,2022-02-28
302,2.4065217391304348,2.513478260869565,2.1278260869565218,2.1091304347826085,1.9095652173913045,1.335217391304348,0.44739130434782615,0.91,2022-03-31
303,2.8120000000000003,2.9865000000000004,2.7475,2.7775,2.538,1.887,0.7635,1.33,2022-04-30
304,3.0657142857142854,3.258571428571429,2.8980952380952383,2.874285714285714,2.6166666666666667,2.0595238095238093,0.9928571428571429,1.87,2022-05-31
305,3.2457142857142856,3.4838095238095237,3.1433333333333335,3.19,2.998095238095238,2.6514285714285712,1.5385714285714287,2.5,2022-06-30
306,3.1025,3.3475,2.896,2.9635,3.036,3.0195,2.298,2.76,2022-07-31
307,3.1295652173913044,3.3526086956521737,2.8978260869565218,3.0273913043478258,3.25,3.2752173913043476,2.721739130434783,3.21,2022-08-31
308,3.558095238095238,3.817142857142857,3.5190476190476194,3.6966666666666663,3.8566666666666665,3.891904761904762,3.221904761904762,3.85,2022-09-30
309,4.04,4.279999999999999,3.9835000000000003,4.178,4.375,4.4275,3.8725,4.46,2022-10-31
310,3.999,4.2155000000000005,3.8909999999999996,4.0555,4.5035,4.728,4.323,4.51,2022-11-30
311,3.659047619047619,3.8680952380952385,3.616190476190476,3.7642857142857142,4.288571428571428,4.681904761904762,4.358095238095238,4.61,2022-12-31
312,3.6645000000000003,3.8104999999999998,3.5315,3.643,4.2075000000000005,4.694,4.6875,4.74,2023-01-31
313,3.8021052631578947,3.9463157894736844,3.7468421052631578,3.9421052631578952,4.5336842105263155,4.925263157894737,4.787894736842105,4.91,2023-02-28
314,3.7708695652173914,3.9391304347826086,3.6630434782608696,3.823478260869565,4.302608695652173,4.679130434782609,4.858695652173913,5.03,2023-03-31
315,3.6845,3.803,3.46,3.537,4.016,4.681,5.0735,5.15,2023-04-30
316,3.855454545454545,3.963636363636364,3.5736363636363637,3.5913636363636368,4.131818181818182,4.912727272727273,5.308181818181819,5.22,2023-05-31
317,3.8676190476190477,4.041904761904762,3.7480952380952384,3.9495238095238094,4.639523809523809,5.241428571428571,5.4157142857142855,5.35,2023-06-30
318,3.9590000000000005,4.1495,3.8994999999999997,4.1415,4.8285,5.37,5.4885,5.44,2023-07-31
319,4.28,4.456521739130435,4.167826086956522,4.306521739130434,4.901739130434782,5.3673913043478265,5.559130434782609,5.49,2023-08-31
320,4.473000000000001,4.6530000000000005,4.379,4.487,5.022,5.436,5.5555,5.46,2023-09-30
321,4.946666666666666,5.12952380952381,4.798095238095239,4.772380952380952,5.067619047619048,5.424761904761905,5.604761904761905,5.41,2023-10-31
322,4.66,4.842380952380952,4.502857142857143,4.486190476190477,4.882380952380952,5.281428571428571,5.522857142857143,5.32,2023-11-30
323,4.1445,4.32,4.0200000000000005,4.0045,4.457,4.9590000000000005,5.442,5.26,2023-12-31
324,4.258095238095239,4.388571428571429,4.058095238095238,3.9838095238095237,4.322857142857143,4.79047619047619,5.453809523809523,5.22,2024-01-31
325,4.353076923076923,4.466923076923077,4.163846153846153,4.132307692307692,4.477692307692307,4.875384615384616,5.4338461538461535,0.0,2024-02-29
